Candidate,Precinct #,Registered Voters - Total             ,Ballots Cast - Total                  ,Ballots Cast - Blank                  ,Alabama Democratic Party              ,Alabama Republican Party              ,Libertarian Party Of Alabama          ,Over Votes                            ,Under Votes                           ,Kamala D. Harris                      ,Donald J. Trump                       ,Robert F. Kennedy Jr.                 ,Chase Oliver                          ,Jill Stein                            ,Write-In                              ,Over Votes                            ,Under Votes                           ,Dale Strong                           ,Write-In                              ,Over Votes                            ,Under Votes                           ,Greg Griffin                          ,Sarah Stewart                         ,Write-In                              ,Over Votes                            ,Under Votes                           ,Chris McCool                          ,Write-In                              ,Over Votes                            ,Under Votes                           ,Tommy Bryan                           ,Write-In                              ,Over Votes                            ,Under Votes                           ,Will Sellers                          ,Write-In                              ,Over Votes                            ,Under Votes                           ,Jay Mitchell                          ,Write-In                              ,Over Votes                            ,Under Votes                           ,Christy Edwards                       ,Write-In                              ,Over Votes                            ,Under Votes                           ,Chad Hanson                           ,Write-In                              ,Over Votes                            ,Under Votes                           ,Terry A. Moore                        ,Write-In                              ,Over Votes                            ,Under Votes                           ,Richard Minor                         ,Write-In                              ,Over Votes                            ,Under Votes                           ,Rich Anderson                         ,Write-In                              ,Over Votes                            ,Under Votes                           ,Bill Cole                             ,Write-In                              ,Over Votes                            ,Under Votes                           ,Twinkle Andress Cavanaugh             ,Write-In                              ,Over Votes                            ,Under Votes                           ,Karen K. Hall                         ,Write-In                              ,Over Votes                            ,Under Votes                           ,Ruth Ann Hall                         ,Write-In                              ,Over Votes                            ,Under Votes                           ,Donna S. Pate                         ,Write-In                              ,Over Votes                            ,Under Votes                           ,Chris Comer                           ,Write-In                              ,Over Votes                            ,Under Votes                           ,Patrick M. Tuten                      ,Write-In                              ,Over Votes                            ,Under Votes                           ,Don Rizzardi                          ,Write-In                              ,Over Votes                            ,Under Votes                           ,Linda Coats                           ,Write-In                              ,Over Votes                            ,Under Votes                           ,Debra Kizer                           ,Write-In                              ,Over Votes                            ,Under Votes                           ,Frank Barger                          ,Jeffrey A Johnson                     ,Write-In                              ,Over Votes                            ,Under Votes                           ,"Guy G. Sotomayor, III                 ",Mac McCutcheon                        ,Alan F Barksdale                      ,Write-In                              ,CC_Total,Over Votes                            ,Under Votes                           ,Tom Brandon                           ,Mark W Jean                           ,Write-In                              ,Over Votes                            ,Under Votes                           ,Steve Haraway                         ,Isaac Crow                            ,Write-In                              ,Over Votes                            ,Under Votes                           ,Craig W. Hill                         ,Write-In                              ,Over Votes                            ,Under Votes                           ,Phil Vandiver                         ,Frank Hark                            ,Write-In                              ,Over Votes                            ,Under Votes                           ,Phil Riddick                          ,"Noah Oliver ""Ollie"" Rhys II           ",Write-In                              ,Over Votes                            ,Under Votes                           ,Violet Edwards                        ,Ralphael Law                          ,Write-In                              ,Over Votes                            ,Under Votes                           ,David Vess                            ,Write-In                              ,Over Votes                            ,Under Votes                           ,Wes Jones                             ,Write-In                              ,Over Votes                            ,Under Votes                           ,Yes                                   ,No                                    ,Over Votes                            ,Under Votes                           ,KH_Percent,DT_Percent,Libertarian_Percent,Green_Percent,GS_Percent,MM_Percent,Pres_Margin,CC_Margin,KHvsGS,LPvsGP
A & M UNIVERSITY NEW GYM,000001,7301,2013,1,1616,86,16,3,292,1870,107,14,1,5,5,9,2,891,115,0,1007,1802,165,8,4,34,905,111,0,997,900,111,0,1002,899,110,0,1004,897,111,0,1005,912,109,2,990,896,110,0,1007,902,111,1,999,889,112,1,1011,905,112,0,996,893,107,1,1012,888,114,0,1011,901,111,0,1001,894,110,2,1007,897,113,0,1003,892,109,0,1012,891,110,1,1011,886,114,1,1012,894,107,0,1012,891,102,1,1019,420,671,57,0,865,1750,129,82,8,1969,2,42,,,,,,,,,,,,,,,,,,,,,,,,,1814,108,12,4,75,,,,,0,0,0,0,1181,308,1,523,0.9289617486,0.05315449578,0.0004967709886,0.002483854943,0.8887760284,0.0655154901,-0.8758072529,-0.8232605383,-0.05254671451,-0.001987083954
ALDERSGATE UMC,000020,4992,3304,0,505,1229,12,0,1558,1267,1940,46,12,14,16,1,8,2247,143,0,914,1142,2004,5,3,150,2193,68,1,1042,2180,67,0,1057,2180,65,1,1058,2180,65,0,1059,2185,58,0,1061,2172,60,0,1072,2174,56,0,1074,2173,57,0,1074,2167,60,0,1077,2169,56,0,1079,2147,76,1,1080,2179,61,0,1064,2182,58,0,1064,2182,57,0,1065,2183,58,0,1063,2177,52,0,1075,2168,60,0,1076,2180,59,0,1065,2175,56,0,1073,1995,626,19,1,663,1023,1902,236,3,3164,0,140,,,,,,,,,,,,,,,,,,,,2026,612,22,0,644,,,,,,,,,,,,,,1849,477,0,978,0.3834745763,0.5871670702,0.003631961259,0.004237288136,0.3233249052,0.6011378003,0.2036924939,0.2778128951,-0.07412040112,-0.0006053268765
BOB HARRISON SR_ CTR_,000038,3887,1900,1,1244,199,15,0,442,1565,305,13,2,6,3,1,5,564,77,0,1259,1511,322,3,2,62,511,73,0,1316,519,62,0,1319,517,61,0,1322,511,63,1,1325,511,57,0,1332,497,57,0,1346,503,58,0,1339,492,59,0,1349,491,59,0,1350,493,61,0,1346,496,61,0,1343,514,57,0,1329,513,59,0,1328,505,55,0,1340,495,56,1,1348,497,57,0,1346,493,58,0,1349,511,55,0,1334,508,55,0,1337,359,359,25,0,1157,1479,300,65,3,1847,1,52,,,,,,,,,,,,,,,,,,,,,,,,,1545,145,10,0,200,120,2,0,159,,,,,881,348,0,671,0.8236842105,0.1605263158,0.001052631579,0.003157894737,0.8007579859,0.162425555,-0.6631578947,-0.638332431,-0.02482546377,-0.002105263158
BOBO VFD,000081,2881,1697,0,266,818,9,0,604,439,1224,16,4,4,7,0,3,1287,53,0,357,437,1211,5,0,44,1278,27,0,392,1272,26,0,399,1271,23,0,403,1268,23,0,406,1265,21,0,411,1265,19,0,413,1267,19,0,411,1264,19,0,414,1266,18,0,413,1266,16,0,415,1255,28,0,414,1265,22,0,410,1267,22,0,408,1263,20,0,414,1263,19,1,414,1259,19,0,419,1265,19,0,413,1259,19,0,419,1264,18,0,415,1179,219,10,0,289,398,1174,91,2,1665,0,32,,,,,,,,,,,,,,,1203,214,12,0,268,,,,,,,,,,,,,,,,,,,932,294,0,471,0.2586918091,0.7212728344,0.002357100766,0.002357100766,0.239039039,0.7051051051,0.4625810253,0.4660660661,-0.003485040727,0
BROWNSBORO BAPT CH,000077,3153,1999,0,235,953,11,0,800,499,1470,10,11,3,4,0,2,1569,56,0,374,455,1472,3,0,69,1556,24,0,419,1553,23,0,423,1555,23,0,421,1550,22,0,427,1540,23,0,436,1534,24,0,441,1542,20,0,437,1535,22,0,442,1535,22,1,441,1537,19,0,443,1534,26,0,439,1547,21,0,431,1548,23,0,428,1544,21,0,434,1534,21,0,444,1531,24,0,444,1530,25,0,444,1535,26,0,438,1545,22,0,432,1452,257,8,0,282,402,1420,114,2,1938,0,61,,,,,,,,,,,1571,29,0,399,,,,,,,,,,,,,,,,,,,,,,,,1044,346,0,609,0.2496248124,0.7353676838,0.005502751376,0.001500750375,0.2074303406,0.7327141383,0.4857428714,0.5252837977,-0.03954092629,0.004002001001
CAVALRY HILL COMMUNITY CTR,000039,3682,1195,0,665,201,14,3,312,876,277,13,7,3,6,10,3,459,64,0,672,839,300,4,3,49,446,50,0,699,445,45,0,705,441,48,0,706,442,46,0,707,453,42,0,700,441,42,0,712,444,44,0,707,436,41,0,718,429,43,0,723,433,44,0,718,427,49,0,719,440,42,0,713,434,43,1,717,437,43,0,715,437,43,0,715,433,44,0,718,431,43,0,721,444,42,0,709,443,41,0,711,308,294,22,1,570,822,266,57,7,1152,1,42,,,,,,,,,,,,,,,,,,,,,,,,,863,146,12,1,173,,,,,,,,,598,209,0,388,0.7330543933,0.2317991632,0.005857740586,0.002510460251,0.7135416667,0.2309027778,-0.5012552301,-0.4826388889,-0.01861634124,0.003347280335
CH OF JESUS CHRIST LDS,000106,4804,2344,0,657,616,12,0,1059,1273,1011,20,9,3,22,0,6,1388,156,0,800,1206,1059,6,0,73,1364,98,0,882,1366,96,0,882,1360,97,0,887,1356,92,0,896,1363,84,0,897,1353,85,0,906,1351,85,0,908,1352,87,0,905,1350,87,0,907,1346,87,0,911,1336,98,0,910,1345,94,0,905,1356,88,0,900,1351,89,0,904,1345,84,0,915,1344,88,0,912,1344,87,0,913,1348,88,0,908,1352,84,0,908,1094,604,35,0,611,1126,944,191,2,2263,0,81,,,,,,1076,630,32,0,606,,,,,,,,,,,,,,,,,,,,,,,,,,,,1379,420,0,545,0.5430887372,0.4313139932,0.003839590444,0.001279863481,0.4975695979,0.4171453822,-0.111774744,-0.08042421564,-0.03135052838,0.002559726962
CHASE PARK CH OF CHRIST,000007,8756,5251,0,1152,2150,23,0,1926,1988,3154,31,22,16,34,1,5,3557,210,0,1484,1931,3168,4,11,137,3485,126,1,1639,3467,129,0,1655,3458,127,1,1665,3454,124,1,1672,3468,104,0,1679,3439,113,0,1699,3445,115,0,1691,3439,110,1,1701,3439,111,0,1701,3441,110,0,1700,3424,127,1,1699,3470,106,0,1675,3469,106,0,1676,3459,107,0,1685,3456,90,1,1704,3446,95,0,1710,3445,93,0,1713,3458,112,0,1681,3453,91,0,1707,3149,832,38,2,1230,1747,3038,306,11,5102,6,143,3121,863,51,2,1214,,,,,,,,,,,,,,,,,,,,,,,,,,,,,3430,106,1,1656,2959,898,1,1393,0.3785945534,0.6006474957,0.004189678157,0.003047038659,0.3424147393,0.5954527636,0.2220529423,0.2530380243,-0.03098508201,0.001142639497
CLUBHOUSE ON GREEN MTN,000029,1322,914,0,105,372,1,0,436,265,627,4,6,3,4,0,5,676,45,0,193,247,636,2,1,28,672,16,0,226,669,14,0,231,668,13,0,233,664,15,0,235,666,14,0,234,664,15,0,235,665,14,0,235,667,14,0,233,666,13,0,235,666,12,0,236,658,21,0,235,663,14,1,236,664,12,0,238,666,13,0,235,663,13,0,238,661,12,0,241,663,12,0,239,666,13,0,235,660,15,0,239,610,144,7,0,153,230,581,65,0,876,0,38,,,,,,,,,,,545,14,0,190,,,,,,110,26,2,0,27,,,,,,,,,,,,,,508,161,0,245,0.2899343545,0.6859956236,0.006564551422,0.003282275711,0.2625570776,0.6632420091,0.3960612691,0.4006849315,-0.00462366236,0.003282275711
CO_ COMMISSION DIST_ 1,000080,4608,2441,0,371,1209,21,0,840,620,1789,9,6,7,6,0,4,1894,67,0,480,593,1736,5,0,107,1849,41,0,551,1854,37,0,550,1841,39,0,561,1839,38,0,564,1851,34,0,556,1838,38,0,565,1838,38,0,565,1823,42,0,576,1833,38,0,570,1829,40,0,572,1843,40,0,558,1856,36,0,549,1853,37,0,551,1842,38,0,561,1831,38,0,572,1832,38,0,571,1829,37,0,575,1834,43,0,564,1840,34,0,567,1709,306,15,0,411,535,1699,121,3,2358,0,83,1783,300,18,0,340,,,,,,,,,,,,,,,,,,,,,,,,,971,27,0,325,880,10,0,228,1212,411,0,818,0.2539942646,0.732896354,0.002458009013,0.002867677181,0.2268871925,0.7205258694,0.4789020893,0.4936386768,-0.01473658754,-0.0004096681688
COMM_ FELLOWSHIP,000026,4784,2822,0,426,1088,11,0,1297,1044,1692,25,11,13,28,3,6,1975,133,0,714,951,1739,7,1,124,1921,83,1,817,1915,79,1,827,1905,81,0,836,1908,77,0,837,1902,76,0,844,1897,71,0,854,1901,74,0,847,1894,75,0,853,1895,71,0,856,1899,70,0,853,1882,90,0,850,1916,71,2,833,1916,69,0,837,1920,67,0,835,1908,70,1,843,1902,73,0,847,1894,72,0,856,1915,74,1,832,1911,72,0,839,1754,515,23,0,530,868,1640,195,1,2704,2,116,,,,,,,,,,,,,,,,,,,,1789,508,22,1,502,,,,,,,,,,,,,,1668,421,0,733,0.3699503898,0.5995747697,0.00389794472,0.004606661942,0.3210059172,0.6065088757,0.2296243799,0.2855029586,-0.05587857871,-0.0007087172218
CORNERSTONE PRESBYTERIAN,000008,2413,1591,0,194,537,6,0,854,625,900,16,15,8,20,0,7,1064,97,0,430,551,978,4,1,57,1044,28,0,519,1036,25,0,530,1028,24,0,539,1028,20,0,543,1026,20,0,545,1022,16,0,553,1019,20,0,552,1021,17,1,552,1025,17,0,549,1024,18,0,549,1016,32,0,543,1065,17,0,509,1055,18,0,518,1056,15,0,520,1061,17,0,513,1033,16,1,541,1025,19,0,547,1041,17,0,533,1039,15,0,537,1002,243,11,1,334,476,951,102,2,1531,0,60,0,0,0,0,0,,,,,,1043,18,0,530,,,,,,,,,,,,,,,,,,,,,,,,902,203,1,485,0.3928346952,0.565681961,0.009428032684,0.005028284098,0.3109079033,0.6211626388,0.1728472659,0.3102547355,-0.1374074696,0.004399748586
COVE UMC,000011,6668,4195,0,477,1919,16,2,1781,1234,2821,23,23,16,54,4,20,3196,175,0,824,1101,2933,10,1,150,3118,90,0,987,3106,86,0,1003,3112,82,0,1001,3102,81,0,1012,3098,73,0,1024,3076,77,2,1040,3082,75,0,1038,3074,76,1,1044,3073,73,0,1049,3075,72,0,1048,3054,99,2,1040,3106,74,1,1014,3100,64,1,1030,3105,69,0,1021,3085,73,0,1037,3077,70,1,1047,3074,71,0,1050,3079,71,0,1045,3086,63,2,1044,2917,541,31,1,705,957,2823,239,6,4025,2,168,,,,,,,,,,,3111,72,0,1012,,,,,,0,0,0,0,0,,,,,,,,,,,,,,2423,561,0,1211,0.2941597139,0.6724672229,0.005482717521,0.003814064362,0.2377639752,0.7013664596,0.3783075089,0.4636024845,-0.08529497553,0.001668653159
COVENANT PRESBYTERIAN CH,000013,5174,3022,0,481,1141,13,0,1387,1209,1726,15,19,16,24,1,12,2007,205,0,810,1093,1801,4,3,121,1951,90,0,981,1942,85,1,994,1931,85,0,1006,1927,80,0,1015,1929,74,0,1019,1914,83,0,1025,1921,75,0,1026,1912,77,0,1033,1912,75,0,1035,1912,70,0,1040,1889,91,1,1041,1956,74,0,992,1941,76,0,1005,1940,74,0,1008,1953,65,0,1004,1934,64,0,1024,1935,65,0,1022,1925,70,0,1027,1930,64,1,1027,1828,489,21,2,682,965,1760,161,4,2890,2,130,,,,,,,,,,,1929,79,0,1014,,,,,,,,,,,,,,,,,,,,,,,,1651,447,1,923,0.4000661813,0.5711449371,0.006287227002,0.005294506949,0.3339100346,0.6089965398,0.1710787558,0.2750865052,-0.1040077494,0.0009927200529
DAYSTAR CH-MADISON,000104,5913,3221,0,991,934,22,0,1274,1733,1422,27,5,11,20,0,3,1871,170,0,1180,1633,1487,12,4,85,1831,124,0,1266,1823,119,0,1279,1822,116,1,1282,1812,115,1,1293,1814,109,1,1297,1808,111,0,1302,1810,109,0,1302,1793,108,0,1320,1792,111,0,1318,1800,106,0,1315,1779,122,0,1320,1804,106,1,1310,1803,109,1,1308,1805,103,0,1313,1796,109,0,1316,1787,110,0,1324,1789,108,0,1324,1801,106,0,1314,1808,99,0,1314,1503,772,42,0,904,1528,1368,228,7,3131,6,84,,,,,,1510,784,39,0,888,,,,,,,,,,,,,,,,,,,,,,,,,,,,1905,623,0,693,0.5380316672,0.4414778019,0.001552312946,0.003415088482,0.4880229958,0.4369211115,-0.09655386526,-0.05110188438,-0.04545198088,-0.001862775536
DR_ RICHARD SHOWERS CTR_,000036,2943,1101,0,816,87,7,0,191,977,112,1,2,2,3,2,2,275,66,0,760,947,114,8,1,31,255,61,0,785,250,60,0,791,258,53,0,790,255,54,0,792,255,56,0,790,251,53,0,797,249,55,0,797,247,55,0,799,244,55,0,802,246,52,0,803,246,53,0,802,260,46,0,795,254,48,1,798,247,51,0,803,244,48,0,809,248,49,0,804,245,48,0,808,258,45,0,798,254,49,0,798,148,220,20,0,713,934,101,34,4,1073,1,27,,,,,,,,,,,,,,,,,,,,,,,,,954,64,6,0,77,,,,,,,,,535,200,0,366,0.8873751135,0.1017257039,0.001816530427,0.001816530427,0.8704566636,0.09412861137,-0.7856494096,-0.7763280522,-0.009321357437,0
FAITH LUTHERAN CH,000088,4737,2719,0,628,823,7,0,1261,1294,1340,20,17,15,24,0,9,1695,158,0,866,1191,1420,9,0,99,1644,112,0,963,1638,100,0,981,1632,98,0,989,1625,100,0,994,1627,98,0,994,1618,92,0,1009,1621,92,0,1006,1619,91,0,1009,1615,94,0,1010,1615,92,0,1012,1616,100,0,1003,1626,92,0,1001,1623,92,0,1004,1621,92,0,1006,1619,89,0,1011,1614,93,0,1012,1612,94,0,1013,1616,97,0,1006,1632,88,0,999,1427,594,33,0,665,1113,1331,181,5,2630,1,88,,,,,,1487,562,36,0,634,,,,,,,,,,,,,,,,,,,,,,,,,,,,1617,456,1,645,0.4759102611,0.4928282457,0.006252298639,0.005516734093,0.4231939163,0.5060836502,0.01691798455,0.08288973384,-0.06597174929,0.0007355645458
FARLEY COMMUNITY CH,000021,6242,3794,0,646,1562,14,1,1571,1362,2336,28,21,11,22,1,13,2660,184,0,950,1299,2377,3,0,115,2633,102,0,1059,2636,96,0,1062,2622,94,0,1078,2617,94,0,1083,2621,93,3,1077,2613,89,0,1092,2615,87,0,1092,2611,87,0,1096,2613,85,0,1096,2614,84,0,1096,2598,99,0,1097,2620,87,0,1087,2624,84,0,1086,2621,84,0,1089,2615,84,0,1095,2603,87,0,1104,2602,86,0,1106,2605,95,0,1094,2615,86,0,1093,2348,702,32,0,712,1202,2221,243,3,3669,3,122,,,,,,,,,,,0,0,0,0,,,,,,2367,700,37,0,690,,,,,,,,,,,,,,2161,658,0,975,0.3589878756,0.6157090142,0.005535055351,0.002899314707,0.3276097029,0.6053420551,0.2567211386,0.2777323521,-0.0210112135,0.002635740643
FIRST BAPT CH,000004,5428,2969,0,573,899,10,1,1486,1402,1474,18,15,12,26,2,20,1821,210,1,937,1261,1580,4,0,124,1768,82,0,1119,1754,79,0,1136,1751,76,0,1142,1739,77,0,1153,1746,68,0,1155,1727,70,0,1172,1729,67,0,1173,1728,70,0,1171,1726,67,0,1176,1728,68,0,1173,1728,86,1,1154,1799,56,0,1114,1786,54,2,1127,1784,57,0,1128,1788,57,0,1124,1763,58,2,1146,1757,58,0,1154,1766,56,0,1147,1775,54,0,1140,1656,579,23,0,711,1128,1530,193,1,2852,5,112,1577,611,21,0,760,,,,,,,,,,,,,,,,,,,,,,,,,,,,,,,,,1683,403,0,883,0.4722128663,0.4964634557,0.00505220613,0.004041764904,0.3955119215,0.5364656381,0.02425058942,0.1409537167,-0.1167031273,0.001010441226
FIRST BAPT MERDIANVILLE,000076,3052,1884,0,569,625,10,0,680,892,952,15,8,4,10,0,3,1145,74,0,665,852,977,2,2,51,1123,51,0,710,1119,46,0,719,1114,49,0,721,1110,47,1,726,1118,44,1,721,1105,47,1,731,1105,47,0,732,1102,46,0,736,1101,45,0,738,1101,47,0,736,1099,54,0,731,1115,43,0,726,1110,44,0,730,1110,43,0,731,1097,46,0,741,1095,47,0,742,1095,46,0,743,1106,44,0,734,1111,40,0,733,974,315,21,1,573,810,924,96,2,1832,2,50,975,326,23,1,559,,,,,,,,,,,,,,,,,,,,,,,,,1103,50,0,731,,,,,990,384,1,509,0.4734607219,0.5053078556,0.004246284501,0.002123142251,0.442139738,0.5043668122,0.03184713376,0.06222707424,-0.03037994048,0.002123142251
FIRST MISSIONARY BAPT,000035,3872,1532,0,1076,143,8,0,305,1309,193,15,0,8,5,0,2,400,57,0,1075,1263,214,2,0,53,390,49,0,1093,381,50,0,1101,375,50,0,1107,373,51,0,1108,388,46,0,1098,372,46,0,1114,374,46,0,1112,370,49,0,1113,366,47,0,1119,367,47,0,1118,366,48,0,1118,384,46,0,1102,385,44,0,1103,376,50,0,1106,370,43,0,1119,374,44,0,1114,373,42,0,1117,382,45,0,1105,390,45,0,1097,256,261,17,0,998,1239,188,55,3,1485,0,47,,,,,,,,,,,,,,,,,,,,,,,,,1289,93,8,0,142,,,,,,,,,675,290,0,567,0.8544386423,0.1259791123,0,0.005221932115,0.8343434343,0.1265993266,-0.72845953,-0.7077441077,-0.02071542228,-0.005221932115
GURLEY REC_ CTR_,000062,2126,1215,0,123,669,5,1,417,241,956,8,3,1,3,0,3,994,32,0,189,227,950,0,0,38,987,12,0,216,986,11,0,218,986,12,0,217,985,11,0,219,986,10,0,219,980,10,0,225,980,10,0,225,980,10,0,225,980,10,0,225,982,9,0,224,978,16,0,221,988,9,0,218,985,11,0,219,983,9,0,223,975,9,0,231,978,8,0,229,974,9,0,232,974,9,0,232,978,8,0,229,922,135,2,0,156,193,916,68,0,1177,0,38,,,,,,,,,,,1002,15,0,198,,,,,,,,,,,,,,,,,,,,,,,,627,205,0,383,0.1983539095,0.7868312757,0.002469135802,0.0008230452675,0.1639762107,0.7782497876,0.5884773663,0.6142735769,-0.02579621064,0.001646090535
HAMPTON COVE CH CHRIST,000012,4141,2599,0,263,1196,11,1,1128,710,1815,18,8,6,29,1,12,2027,93,0,479,659,1864,1,2,73,2014,35,0,550,2011,36,0,552,2008,35,0,556,2007,35,0,557,2005,31,0,563,2000,34,0,565,2001,35,0,563,2000,32,0,567,1997,31,0,571,1995,33,0,571,1980,48,0,571,2005,30,0,564,2008,29,0,562,2011,28,0,560,2002,29,0,568,1997,28,0,574,2000,27,0,572,2000,29,0,570,2007,27,0,565,1852,374,11,2,360,576,1805,149,1,2531,0,68,,,,,,,,,,,2018,32,0,549,,,,,,,,,,,,,,,,,,,,,,,,1697,384,0,518,0.2731819931,0.6983455175,0.003078106964,0.002308580223,0.2275780324,0.713156855,0.4251635244,0.4855788226,-0.06041529817,0.0007695267411
HAROLD HARBIN GYM,000085,3668,2115,0,205,1141,4,0,765,386,1689,17,7,7,5,0,4,1747,51,0,317,374,1676,3,0,62,1732,23,0,360,1726,26,0,363,1719,26,0,370,1716,25,0,374,1716,20,0,379,1710,22,0,383,1710,22,0,383,1708,22,0,385,1702,22,0,391,1705,21,0,389,1710,23,0,382,1725,20,0,370,1714,23,0,378,1712,19,0,384,1709,20,0,386,1711,20,0,384,1706,20,0,389,1711,20,0,384,1714,19,0,382,1645,211,10,0,249,332,1627,101,5,2065,0,50,1659,223,11,0,222,,,,,,,,,,,,,,,,,,,,,,,,,1715,24,0,376,,,,,1134,371,0,610,0.1825059102,0.7985815603,0.003309692671,0.003309692671,0.1607748184,0.7878934625,0.6160756501,0.6271186441,-0.01104299395,0
HILLWOOD BAPT CH,000023,5245,2932,0,566,1049,25,0,1292,1235,1603,32,14,10,25,1,12,1909,183,0,840,1170,1651,3,3,105,1876,102,0,954,1876,98,0,958,1874,93,0,965,1868,92,0,972,1875,93,0,964,1862,96,0,974,1868,91,0,973,1864,83,0,985,1861,85,0,986,1859,85,0,988,1854,112,0,966,1885,86,0,961,1878,84,0,970,1882,79,0,971,1868,81,1,982,1863,83,0,986,1851,81,0,1000,1860,89,1,982,1869,83,0,980,1640,638,34,0,620,1071,1528,229,2,2830,2,100,,,,,,,,,,,,,,,,,,,,1659,626,37,0,610,,,,,,,,,,,,,,1636,506,0,790,0.4212141883,0.5467257844,0.004774897681,0.003410641201,0.3784452297,0.5399293286,0.1255115962,0.1614840989,-0.03597250276,0.00136425648
HOPE CHURCH,000102,3914,2301,0,724,657,16,0,904,1204,1032,17,12,14,12,6,4,1350,145,0,806,1164,1066,3,3,65,1306,111,1,883,1316,104,0,881,1311,105,0,885,1302,106,0,893,1300,102,0,899,1288,95,0,918,1296,93,0,912,1280,92,0,929,1286,93,0,922,1286,91,0,924,1277,101,1,922,1286,93,1,921,1293,92,0,916,1285,93,0,923,1282,89,1,929,1282,90,0,929,1282,88,0,931,1283,88,0,930,1279,86,1,935,1065,527,41,3,665,1080,992,157,3,2232,2,67,,,,,,,,,,,,,,,1097,513,42,3,646,,,,,,,,,,,,,,,,,,,1296,452,0,553,0.5232507605,0.4485006519,0.005215123859,0.006084311169,0.4838709677,0.4444444444,-0.07475010865,-0.0394265233,-0.03532358535,-0.0008691873099
HOPE VALLEY BIBLE CH,000006,2491,1569,0,427,542,6,1,593,702,821,17,10,3,14,1,1,998,65,0,506,675,845,3,1,45,987,41,0,541,984,38,0,547,980,36,0,553,976,36,0,557,979,36,0,554,974,33,0,562,971,33,0,565,968,33,0,568,968,34,0,567,966,34,0,569,962,42,0,565,978,30,0,561,978,30,1,560,976,30,0,563,970,32,0,567,967,30,1,571,967,31,0,571,977,31,0,561,965,35,0,569,857,301,12,1,398,639,788,98,2,1527,2,40,,,,,,,,,,,986,34,0,549,,,,,,,,,,,,,,,,,,,,261,11,0,139,933,284,0,352,0.447418738,0.523263225,0.006373486297,0.001912045889,0.4184675835,0.5160445318,0.07584448693,0.09757694826,-0.02173246133,0.004461440408
HOUSE OF HOPE & RESTORATION,000037,3766,1665,0,1154,107,11,0,393,1475,167,6,4,7,2,1,3,377,90,0,1198,1450,175,2,0,38,359,77,0,1229,354,72,0,1239,355,69,0,1241,354,66,0,1245,346,65,0,1254,338,66,0,1261,345,64,0,1256,337,67,0,1261,336,69,0,1260,337,67,0,1261,336,70,0,1259,348,67,0,1250,346,67,0,1252,340,66,0,1259,341,64,0,1260,343,64,0,1258,336,65,0,1264,347,68,0,1250,351,62,0,1252,212,335,28,0,1090,1422,153,55,2,1632,1,32,,,,,,,,,,,,,,,,,,,,,,,,,1465,91,4,0,105,,,,,,,,,762,293,1,609,0.8858858859,0.1003003003,0.002402402402,0.004204204204,0.8713235294,0.09375,-0.7855855856,-0.7775735294,-0.008012056174,-0.001801801802
INTERGRAPH CORP_,000053,5007,2524,0,719,751,22,0,1032,1275,1182,21,11,8,22,0,5,1546,130,0,848,1225,1229,2,5,63,1519,101,0,904,1518,97,0,909,1517,96,0,911,1512,92,0,920,1511,98,0,915,1499,99,0,926,1500,97,0,927,1503,94,0,927,1497,95,0,932,1493,95,0,936,1489,97,0,938,1505,89,0,930,1509,88,0,927,1505,90,0,929,1504,89,1,930,1503,91,0,930,1488,98,0,938,1505,91,0,928,1504,87,0,933,1256,593,35,1,639,1160,1122,174,4,2460,2,62,,,,,,1260,583,41,1,639,,,,,,,,,,,,,,,,,,,,,,,,,,,,1649,480,0,395,0.5051505547,0.4683042789,0.004358161648,0.003169572108,0.4715447154,0.456097561,-0.03684627575,-0.01544715447,-0.02139912128,0.00118858954
JACKSON WAY BAPT CH,000003,3064,1698,0,447,505,17,0,729,904,737,21,11,5,13,2,5,897,150,0,651,856,761,4,2,75,880,81,0,737,870,78,0,750,871,72,0,755,867,74,1,756,869,66,0,763,862,64,0,772,864,64,0,770,865,63,0,770,860,64,0,774,865,62,0,771,854,73,0,771,886,58,0,754,876,56,1,765,879,56,0,763,873,58,0,767,866,58,0,774,868,62,0,768,870,57,0,771,878,54,0,766,787,393,23,1,494,778,730,115,2,1625,2,71,757,409,25,0,507,,,,,,,,,,,,,,,,,,,,,,,,,,,,,,,,,883,263,0,552,0.5323910483,0.4340400471,0.006478209658,0.002944640754,0.4787692308,0.4492307692,-0.09835100118,-0.02953846154,-0.06881253964,0.003533568905
LAKEWOOD COMM_ CTR_,000045,2492,961,0,594,128,8,0,231,768,178,3,2,2,5,1,2,332,61,0,568,736,192,4,0,29,318,48,0,595,318,45,0,598,317,42,0,602,310,45,0,606,325,40,0,596,309,41,0,611,312,42,0,607,307,45,0,609,309,46,0,606,308,42,0,611,311,43,0,607,324,43,1,593,314,43,0,604,314,45,0,602,313,38,0,610,310,40,0,611,308,43,0,610,322,40,0,599,322,39,0,600,207,230,16,0,508,717,180,32,3,932,0,29,,,,,,,,,,,,,,,,,,,,,,,,,771,87,6,0,97,,,,,,,,,487,176,0,298,0.7991675338,0.1852237253,0.002081165453,0.002081165453,0.7693133047,0.1931330472,-0.6139438085,-0.5761802575,-0.03776355102,0
LEWIS CHAPEL C_ P_ CH,000040,606,299,0,214,26,2,0,57,258,38,1,1,0,1,0,0,77,12,0,210,250,42,0,0,7,75,10,0,214,74,9,0,216,74,9,0,216,74,9,0,216,75,11,0,213,70,12,0,217,73,12,0,214,71,13,0,215,71,12,0,216,72,12,0,215,70,15,0,214,72,12,0,215,74,11,0,214,72,11,0,216,71,12,0,216,68,13,0,218,70,12,0,217,71,12,0,216,70,13,0,216,52,56,5,0,186,248,38,7,0,293,0,6,,,,,,,,,,,,,,,,,,,,,,,,,254,17,3,0,25,,,,,,,,,183,61,0,55,0.8628762542,0.127090301,0.003344481605,0,0.8464163823,0.1296928328,-0.7357859532,-0.7167235495,-0.01906240369,0.003344481605
LINCOLN CH OF CHRIST,000002,1449,449,0,262,80,4,0,103,326,112,4,2,1,1,0,3,161,20,0,268,315,114,2,0,18,152,22,0,275,151,21,0,277,153,20,0,276,151,19,0,279,153,19,0,277,151,20,0,278,151,21,0,277,150,19,0,280,151,19,0,279,151,18,0,280,151,19,0,279,152,18,0,279,154,17,0,278,153,18,0,278,152,17,0,280,148,19,0,282,147,19,0,283,154,17,0,278,157,17,0,275,115,89,9,0,236,299,107,26,1,433,0,16,,,,,,,,,,,,,,,,,,,,,,,,,311,63,6,0,69,,,,,,,,,214,69,0,166,0.7260579065,0.2494432071,0.004454342984,0.002227171492,0.6905311778,0.247113164,-0.4766146993,-0.4434180139,-0.03319668548,0.002227171492
LITTLE INDIAN CREEK,000058,4775,3060,0,746,996,16,2,1300,1352,1607,23,22,13,22,2,19,1940,171,0,949,1317,1643,9,3,88,1877,106,0,1077,1868,98,0,1094,1866,100,0,1094,1866,98,0,1096,1864,92,1,1103,1852,93,0,1115,1853,91,0,1116,1856,92,0,1112,1852,91,0,1117,1846,94,0,1120,1843,99,0,1118,1871,84,0,1105,1873,84,0,1103,1863,87,1,1109,1856,86,1,1117,1848,87,0,1125,1850,91,1,1118,1866,84,0,1110,1880,78,0,1102,1633,612,25,0,790,1213,1574,191,4,2982,1,77,,,,,,,,,,,,,,,1730,575,27,1,727,,,,,,,,,,,,,,,,,,,1720,536,0,804,0.4418300654,0.5251633987,0.007189542484,0.004248366013,0.4067739772,0.5278336687,0.08333333333,0.1210596915,-0.03772635815,0.002941176471
LOCUST GROVE BAPT CH,000072,5143,3186,0,582,1286,18,0,1300,1084,2043,18,17,6,11,1,6,2272,139,0,775,1051,2045,3,1,86,2250,90,0,846,2249,85,0,852,2244,85,0,857,2246,81,0,859,2247,71,0,868,2237,76,0,873,2240,70,0,876,2232,73,0,881,2233,73,1,879,2226,74,0,886,2231,85,0,870,2237,76,2,871,2248,74,0,864,2240,68,0,878,2235,73,0,878,2232,73,0,881,2234,73,0,879,2243,71,0,872,2248,70,1,867,2020,518,36,1,611,968,1963,176,3,3110,4,72,2014,525,41,1,605,,,,,,,,,,,,,,,,,,,,,,,,,,,,,2252,89,0,845,1822,561,0,803,0.3402385436,0.6412429379,0.005335844319,0.001883239171,0.3112540193,0.6311897106,0.3010043942,0.3199356913,-0.01893129709,0.003452605148
MADISON BAPT CH,000089,5898,3220,0,670,1001,18,0,1531,1449,1665,27,19,20,25,6,9,2084,187,1,948,1338,1744,10,7,121,2032,108,0,1080,2024,102,0,1094,2020,100,0,1100,2018,97,0,1105,2014,95,0,1111,2002,92,0,1126,1996,95,0,1129,1995,90,0,1135,1996,89,0,1135,1998,88,0,1134,1995,102,0,1123,2014,86,0,1120,2017,82,1,1120,2018,78,0,1124,1997,87,0,1136,2000,83,1,1136,1987,85,0,1148,2006,87,0,1127,2009,83,0,1128,1733,712,38,3,734,1229,1607,248,8,3092,4,124,,,,,,1756,716,42,1,705,,,,,,,,,,,,,,,,,,,,,,,,,,,,1881,499,1,839,0.45,0.5170807453,0.005900621118,0.006211180124,0.3974773609,0.5197283312,0.06708074534,0.1222509702,-0.0551702249,-0.0003105590062
MADISON CITY HALL,000071,4859,2933,0,593,926,24,0,1390,1303,1501,28,32,21,35,0,13,1881,179,0,873,1214,1591,5,0,123,1828,83,0,1022,1808,82,0,1043,1800,81,0,1052,1802,74,0,1057,1800,73,1,1059,1797,71,0,1065,1799,71,0,1063,1796,72,0,1065,1791,72,0,1070,1788,71,0,1074,1771,88,0,1074,1806,73,0,1054,1814,69,0,1050,1799,74,0,1060,1795,72,0,1066,1791,70,0,1072,1790,69,0,1074,1799,72,0,1062,1800,67,0,1066,1553,665,22,0,693,1103,1433,274,3,2813,0,120,,,,,,1570,647,24,0,692,,,,,,,,,,,,,,,,,,,,,,,,,,,,1632,474,0,827,0.444255029,0.5117627003,0.01091033072,0.007159904535,0.3921080697,0.5094205475,0.06750767133,0.1173124778,-0.04980480646,0.003750426185
MADISON MISSION 7TH DAY,000063,6235,2934,1,780,846,19,5,1284,1482,1361,31,14,16,21,2,7,1801,176,1,956,1419,1427,9,3,76,1769,114,0,1051,1756,113,0,1065,1755,111,0,1068,1751,109,0,1074,1755,103,1,1075,1739,104,0,1091,1745,98,0,1091,1734,103,0,1097,1737,97,0,1100,1737,96,0,1101,1730,109,0,1095,1746,101,0,1087,1750,98,1,1085,1740,95,0,1099,1735,100,1,1098,1740,97,0,1097,1731,94,0,1109,1749,96,0,1089,1756,89,0,1089,1440,713,36,0,745,1324,1294,238,2,2858,2,74,,,,,,1433,733,41,0,727,0,0,0,0,,,,,,,,,,,,,,,,,,,,,,,,1704,547,0,683,0.5051124744,0.4638718473,0.004771642808,0.005453306067,0.4632610217,0.4527641707,-0.04124062713,-0.01049685094,-0.03074377619,-0.0006816632584
MADISON PUBLIC LIBRARY,000069,3043,1761,0,365,579,9,0,808,760,930,15,17,15,15,0,9,1110,86,0,565,694,986,4,3,74,1082,44,0,635,1078,39,0,644,1077,41,0,643,1071,41,0,649,1076,37,0,648,1066,33,1,661,1067,35,0,659,1064,36,0,661,1067,35,0,659,1070,33,0,658,1062,37,0,662,1079,35,0,647,1076,35,2,648,1073,34,0,654,1063,34,0,664,1066,32,0,663,1066,31,0,664,1072,30,0,659,1075,31,0,655,975,343,10,1,432,608,924,142,3,1677,7,77,,,,,,989,344,8,0,420,,,,,,,,,,,,,,,,,,,,,,,,,,,,1001,309,0,451,0.4315729699,0.528109029,0.009653605906,0.008517887564,0.3625521765,0.5509838998,0.09653605906,0.1884317233,-0.09189566426,0.001135718342
MARK RUSSELL REC CTR,000061,7658,4746,0,588,2155,16,1,1986,1334,3270,46,32,18,33,2,11,3628,179,0,939,1225,3351,12,0,158,3580,104,0,1062,3570,94,1,1081,3568,91,0,1087,3562,94,0,1090,3562,85,0,1099,3553,82,1,1110,3556,82,0,1108,3539,88,0,1119,3548,80,0,1118,3547,78,0,1121,3522,102,0,1122,3553,85,0,1108,3549,81,0,1116,3552,76,0,1118,3547,74,0,1125,3537,77,0,1132,3532,77,0,1137,3538,79,0,1129,3543,69,1,1133,3274,670,32,0,770,1107,3196,282,7,4592,2,152,,,,,,,,,,,3573,92,0,1081,,,,,,,,,,,,,,,,,,,,,,,,2608,773,0,1365,0.2810788032,0.6890012642,0.006742520017,0.003792667509,0.2410714286,0.6959930314,0.407922461,0.4549216028,-0.04699914177,0.002949852507
MARY KELLY JOHNSTON GYM,000066,2332,1235,0,280,497,10,0,448,470,732,10,9,3,2,1,8,837,50,0,348,444,747,4,1,39,815,34,0,386,817,30,0,388,816,31,0,388,815,31,0,389,815,29,0,391,812,28,0,395,812,27,0,396,813,27,0,395,809,27,0,399,811,29,0,395,807,36,0,392,826,23,0,386,826,23,0,386,815,26,1,393,817,25,0,393,816,23,0,396,816,25,0,394,814,24,0,397,818,26,0,391,735,216,9,2,273,411,720,68,3,1202,0,33,743,211,7,1,273,,,,,,,,,,,,,,,,,,,,,,,,,345,9,0,116,426,14,0,249,704,199,0,332,0.3805668016,0.5927125506,0.007287449393,0.002429149798,0.3419301165,0.5990016639,0.212145749,0.2570715474,-0.04492579843,0.004858299595
MAYSVILLE CH CHRIST,000056,5467,3540,0,448,1698,15,0,1379,865,2625,18,10,10,9,1,2,2734,102,0,704,835,2589,2,3,111,2706,66,1,767,2695,62,0,783,2695,64,0,781,2691,63,1,785,2683,63,2,792,2676,62,0,802,2679,60,1,800,2677,61,0,802,2672,61,1,806,2678,60,0,802,2668,75,1,796,2705,64,0,771,2705,61,1,773,2689,59,0,792,2687,57,2,794,2677,62,0,801,2676,60,1,803,2686,59,0,795,2702,53,0,785,2540,431,21,1,547,741,2514,182,2,3439,4,97,0,0,0,0,0,,,,,,2728,73,0,739,,,,,,,,,,,,,,,,,,,,673,29,1,242,1949,628,1,962,0.2443502825,0.7415254237,0.002824858757,0.002824858757,0.2154696133,0.7310264612,0.4971751412,0.5155568479,-0.01838170668,0
MERDIANVILLE CH CHRIST,000083,8384,4849,0,1175,1767,20,2,1885,1924,2842,28,25,8,11,8,3,3304,179,0,1366,1893,2839,7,4,106,3223,131,0,1495,3220,114,0,1515,3215,114,0,1520,3210,115,0,1524,3205,114,0,1530,3184,113,0,1552,3186,109,1,1553,3177,109,0,1563,3177,106,0,1566,3173,105,0,1571,3172,120,0,1557,3208,107,0,1534,3202,105,0,1542,3196,104,0,1549,3177,105,0,1567,3175,101,1,1572,3164,108,0,1577,3187,102,0,1560,3180,98,2,1569,2859,839,46,2,1103,1717,2723,296,8,4744,5,100,2848,892,47,1,1061,,,,,,,,,,,,,,,,,,,,,,,,,3085,109,0,1529,97,0,0,29,2760,889,1,1199,0.3967828418,0.5861002269,0.005155702207,0.001649824706,0.36193086,0.5739881956,0.189317385,0.2120573356,-0.02273995055,0.003505877501
MONROVIA CH CHRIST,000078,4351,2625,0,579,909,11,0,1126,1072,1477,29,14,12,15,2,4,1776,118,0,731,1033,1507,6,0,79,1717,89,0,819,1720,80,0,825,1712,84,0,829,1710,83,0,832,1714,71,1,839,1707,73,0,845,1705,71,1,848,1700,74,0,851,1696,73,1,855,1701,73,0,851,1687,89,0,849,1705,73,0,847,1709,69,0,847,1706,69,0,850,1703,73,0,849,1699,69,0,857,1693,74,0,858,1710,67,0,848,1722,63,0,840,1493,517,31,0,584,956,1452,142,2,2552,4,69,,,,,,,,,,,,,,,1575,470,32,0,548,,,,,,,,,,,,,,,,,,,1663,493,0,469,0.4083809524,0.5626666667,0.005333333333,0.004571428571,0.3746081505,0.5689655172,0.1542857143,0.1943573668,-0.04007165249,0.0007619047619
MONROVIA COMM_ CTR_,000092,4970,3145,0,739,1047,10,3,1346,1344,1722,32,16,4,19,0,8,2043,161,1,940,1266,1779,11,3,86,1967,108,1,1069,1972,104,0,1069,1970,97,0,1078,1963,98,0,1084,1961,101,1,1082,1956,95,2,1092,1960,97,0,1088,1951,100,0,1094,1948,100,2,1095,1948,99,0,1098,1942,113,0,1090,1962,97,0,1086,1963,94,0,1088,1966,90,1,1088,1959,92,1,1093,1956,94,0,1095,1956,94,0,1095,1955,98,0,1092,1964,85,0,1096,1777,556,32,3,777,1189,1691,180,4,3064,11,70,,,,,,,,,,,,,,,1882,516,34,0,713,,,,,,,,,,,,,,,,,,,1720,550,0,875,0.4273449921,0.5475357711,0.005087440382,0.001271860095,0.3880548303,0.5518929504,0.120190779,0.1638381201,-0.04364734109,0.003815580286
MONTE SANO UMC,000010,1200,831,0,176,203,0,0,452,474,334,9,3,3,4,0,4,429,83,0,319,428,363,0,1,39,417,33,0,381,411,30,0,390,408,29,0,394,408,29,0,394,416,25,0,390,407,26,0,398,407,23,0,401,408,23,0,400,408,22,0,401,409,22,0,400,400,37,0,394,429,21,1,380,423,19,0,389,423,19,0,389,423,21,0,387,415,22,0,394,408,21,0,402,418,22,0,391,423,17,0,391,386,181,9,0,255,401,356,42,0,799,0,32,,,,,,,,,,,419,22,0,390,,,,,,,,,,,,,,,,,,,,,,,,450,105,0,276,0.5703971119,0.4019253911,0.003610108303,0.003610108303,0.5018773467,0.4455569462,-0.1684717208,-0.0563204005,-0.1121513203,0
MOVEMENT CH,000094,2646,1417,0,330,455,12,0,620,644,729,17,10,6,8,0,3,915,62,0,440,612,757,5,0,43,900,34,0,483,899,30,0,488,892,29,0,496,893,30,0,494,891,31,0,495,890,31,0,496,887,27,0,503,884,30,1,502,880,30,0,507,877,31,1,508,875,34,0,508,888,26,0,503,888,25,0,504,887,26,0,504,883,26,0,508,880,27,0,510,881,27,0,509,883,25,0,509,885,29,0,503,751,336,10,1,319,566,696,109,2,1373,0,44,,,,,,757,334,10,0,316,,,,,,,,,,,,,,,,,,,,,,,,,,,,840,222,0,355,0.4544812985,0.5144671842,0.00705716302,0.004234297812,0.4122359796,0.5069191551,0.05998588567,0.09468317553,-0.03469728985,0.002822865208
MT_ ZION BAPT CH,000084,7124,4242,1,995,1459,16,0,1772,1868,2282,30,22,8,23,1,8,2771,220,1,1250,1771,2336,10,2,123,2656,154,0,1432,2658,145,0,1439,2649,141,0,1452,2630,139,2,1471,2639,139,0,1464,2638,138,1,1465,2633,136,0,1473,2616,136,0,1490,2616,135,0,1491,2616,135,0,1491,2603,151,0,1488,2663,125,0,1454,2637,130,0,1475,2631,127,0,1484,2631,129,0,1482,2619,129,0,1494,2623,127,0,1492,2639,128,0,1475,2642,124,1,1475,2368,785,71,0,1018,1628,2278,221,14,4141,2,99,,,,,,,,,,,,,,,2558,659,76,1,948,,,,,,,,,,,,,,,,,,,2454,852,0,936,0.4403583215,0.5379537954,0.005186232909,0.001885902876,0.3931417532,0.5501086694,0.09759547383,0.1569669162,-0.05937144237,0.003300330033
NEW HOPE CITY HALL,000068,4400,2675,0,207,1596,14,1,857,397,2241,13,5,5,7,0,7,2276,29,0,370,385,2190,4,0,96,2247,13,0,415,2239,11,0,425,2236,12,0,427,2234,12,0,429,2238,9,0,428,2237,10,0,428,2233,10,0,432,2233,8,0,434,2229,8,0,438,2229,8,0,438,2224,13,0,438,2239,10,0,426,2234,9,0,432,2230,10,0,435,2226,7,0,442,2224,8,0,443,2217,10,0,448,2225,9,0,441,2226,7,0,442,2169,220,6,0,280,348,2145,99,2,2594,1,80,,,,,,,,,,,2247,46,0,382,,,,,,,,,,,,,,,,,,,,,,,,1358,430,0,887,0.148411215,0.8377570093,0.001869158879,0.001869158879,0.134155744,0.8269082498,0.6893457944,0.6927525058,-0.00340671139,0
NEW MARKET REC CTR,000055,2430,1501,0,153,776,4,0,568,308,1170,8,2,3,5,0,5,1206,44,0,251,293,1142,4,1,61,1179,28,0,294,1177,26,0,298,1171,27,0,303,1169,25,0,307,1166,23,0,312,1162,23,0,316,1166,23,0,312,1165,22,0,314,1161,25,0,315,1163,23,0,315,1164,34,0,303,1175,27,0,299,1175,25,1,300,1167,24,0,310,1162,25,0,314,1155,25,1,320,1160,24,0,317,1166,22,0,313,1169,25,0,307,1135,157,8,0,201,255,1115,67,3,1440,0,61,1140,171,11,0,179,,,,,,,,,,,,,,,,,,,,,,,,,,,,,1186,23,0,292,727,254,0,520,0.2051965356,0.7794803464,0.001332445037,0.001998667555,0.1770833333,0.7743055556,0.5742838108,0.5972222222,-0.02293841143,-0.0006662225183
OAKWOOD UNIVERSITY CH,000027,7182,2515,0,1562,293,16,0,644,2032,439,19,8,7,7,0,3,852,130,0,1533,2002,453,4,2,54,794,123,0,1598,800,119,0,1596,786,118,0,1611,779,120,0,1616,797,113,1,1604,773,121,0,1621,774,120,0,1621,772,116,0,1627,776,118,0,1621,770,118,0,1627,774,118,0,1623,792,116,2,1605,796,107,0,1612,783,115,0,1617,775,118,0,1622,772,114,1,1628,764,116,1,1634,788,111,1,1615,791,105,1,1618,550,609,42,1,1313,1909,438,107,8,2462,2,51,,,,,,,,,,,,,,,,,,,,,,,,,1992,238,11,1,273,,,,,,,,,1291,473,1,750,0.8079522863,0.1745526839,0.003180914513,0.002783300199,0.7753858652,0.177904143,-0.6333996024,-0.5974817222,-0.03591788021,0.0003976143141
OPTIMIST PARK REC CTR_,000005,3239,1962,0,419,626,6,1,910,924,982,17,11,7,12,1,8,1164,130,0,668,871,987,7,2,95,1119,69,0,774,1114,69,0,779,1113,65,0,784,1108,63,0,791,1119,52,0,791,1113,53,1,795,1112,52,0,798,1111,52,0,799,1110,54,0,798,1112,52,0,798,1099,66,1,796,1134,50,1,777,1129,53,1,779,1119,53,0,790,1116,50,0,796,1113,50,0,799,1106,51,0,805,1120,50,0,792,1122,49,0,791,1006,408,17,1,530,781,971,118,5,1875,1,86,977,434,21,0,530,,,,,,,,,,,,,,,,,,,,,,,,,,,,,,,,,952,345,2,663,0.4709480122,0.500509684,0.005606523955,0.003567787971,0.4165333333,0.5178666667,0.02956167176,0.1013333333,-0.07177166157,0.002038735984
OWENS CROSS ROADS CH,000109,2790,1752,0,231,871,12,1,637,454,1267,15,7,3,5,0,1,1370,65,0,317,435,1266,2,0,49,1371,40,0,341,1371,37,0,344,1368,36,0,348,1366,37,0,349,1369,34,0,349,1362,33,0,357,1362,34,0,356,1363,33,0,356,1360,33,0,359,1360,33,0,359,1351,40,0,361,1370,31,0,351,1370,31,0,351,1366,32,0,354,1358,34,0,360,1362,31,0,359,1365,31,0,356,1368,31,0,353,1366,31,0,355,1230,265,12,0,245,404,1188,120,2,1714,0,38,,,,,,,,,,,1365,48,0,339,,,,,,,,,,,,,,,,,,,,,,,,1023,305,0,424,0.2591324201,0.723173516,0.00399543379,0.001712328767,0.235705951,0.6931155193,0.4640410959,0.4574095683,0.006631527629,0.002283105023
OWENS CROSS ROADS,000075,2562,1632,0,159,798,8,0,667,399,1199,12,4,5,7,2,4,1327,39,0,266,372,1210,0,1,49,1306,17,0,309,1305,17,0,310,1303,13,0,316,1301,13,0,318,1302,14,0,316,1297,14,0,321,1300,14,0,318,1299,15,0,318,1295,14,0,323,1294,16,0,322,1297,18,0,317,1298,16,0,318,1299,17,0,316,1295,17,0,320,1297,13,0,322,1294,14,0,324,1292,12,0,328,1294,13,0,325,1295,13,0,324,1191,223,3,2,213,328,1154,100,0,1582,4,46,,,,,,,,,,,1299,19,0,314,,,,,,,,,,,,,,,,,,,,,,,,909,247,0,476,0.2444852941,0.7346813725,0.002450980392,0.00306372549,0.2073324905,0.7294563843,0.4901960784,0.5221238938,-0.03192781537,-0.000612745098
PINE GROVE BAPT CH,000078,3335,2142,0,431,760,10,0,941,851,1217,16,24,6,18,1,9,1435,112,0,595,817,1253,2,2,68,1420,59,0,663,1416,56,1,669,1413,54,0,675,1414,54,0,674,1406,55,0,681,1401,55,0,686,1406,54,0,682,1397,56,0,689,1396,54,0,692,1397,52,0,693,1377,61,0,704,1403,52,0,687,1403,53,0,686,1400,54,0,688,1399,49,1,693,1397,48,0,697,1396,49,0,697,1401,47,0,694,1400,45,0,697,1251,397,22,1,471,760,1203,115,1,2079,2,61,,,,,,,,,,,,,,,1346,352,17,0,427,,,,,,,,,,,,,,,,,,,1301,347,0,494,0.3972922502,0.5681605976,0.01120448179,0.002801120448,0.3655603656,0.5786435786,0.1708683473,0.2130832131,-0.04221486574,0.008403361345
PINEVIEW BAPT CH,000064,4000,2248,0,765,688,19,0,776,1167,1026,16,9,7,17,0,6,1309,133,0,806,1128,1061,8,0,51,1275,93,0,880,1272,92,0,884,1273,86,0,889,1262,85,0,901,1268,77,0,903,1261,78,0,909,1262,78,0,908,1263,75,0,910,1264,74,0,910,1260,75,0,913,1261,76,0,911,1278,73,0,897,1269,74,0,905,1268,73,0,907,1251,77,0,920,1258,75,0,915,1252,75,0,921,1268,70,0,910,1269,75,0,904,1066,512,25,0,645,1050,991,154,6,2201,0,47,,,,,,,,,,,,,,,1127,467,30,0,624,,,,,,,,,,,,,,,,,,,1239,446,0,563,0.5191281139,0.456405694,0.004003558719,0.003113879004,0.4770558837,0.4502498864,-0.06272241993,-0.02680599727,-0.03591642265,0.0008896797153
PLAINVIEW CH CHRIST,000067,5016,2808,0,436,1410,20,2,940,711,2040,18,7,9,15,1,7,2169,69,0,570,689,2037,3,4,75,2158,44,0,606,2156,41,0,611,2155,42,0,611,2154,37,0,617,2150,38,0,620,2141,40,0,627,2143,39,0,626,2141,37,0,630,2142,37,0,629,2140,36,0,632,2150,38,0,620,2150,36,0,622,2147,35,1,625,2145,36,0,627,2138,35,0,635,2138,35,1,634,2132,36,0,640,2146,35,0,627,2137,36,2,633,1984,343,16,2,463,634,1963,137,5,2739,1,68,2007,334,19,0,448,,,,,,,,,,,,,,,,,,,,,,,,,2146,36,0,626,,,,,1762,514,1,531,0.2532051282,0.7264957265,0.002492877493,0.003205128205,0.2314713399,0.7166849215,0.4732905983,0.4852135816,-0.01192298331,-0.0007122507123
PLEVNA/NEW MARKET FIRE DEPT,000073,1061,682,0,42,369,2,0,269,84,596,1,0,0,0,0,1,572,6,0,104,82,553,0,0,47,570,0,0,112,568,0,0,114,567,0,0,115,565,0,0,117,564,1,0,117,564,1,0,117,563,1,0,118,563,1,0,118,562,1,0,119,562,1,0,119,561,1,0,120,565,1,0,116,565,1,0,116,564,1,0,117,566,1,0,115,561,0,0,121,559,1,0,122,561,2,0,119,564,1,0,117,558,47,0,0,77,70,558,27,0,655,0,27,554,67,1,0,60,,,,,,,,,,,,,,,,,,,,,,,,,,,,,576,2,0,104,331,91,0,260,0.1231671554,0.8739002933,0,0,0.106870229,0.8519083969,0.7507331378,0.7450381679,0.005694969891,0
RESTORATION CH,000091,4782,3001,0,520,1028,9,0,1444,1234,1635,37,28,16,31,0,20,1987,144,0,870,1140,1730,5,3,123,1922,81,0,998,1908,78,0,1015,1898,77,0,1026,1896,74,0,1031,1904,68,0,1029,1895,65,0,1041,1888,66,0,1047,1895,66,0,1040,1890,67,0,1044,1888,68,0,1045,1875,72,0,1054,1909,65,0,1027,1901,65,0,1035,1894,66,0,1041,1895,64,0,1042,1885,61,1,1054,1893,64,0,1044,1902,64,0,1035,1902,61,0,1038,1705,596,25,2,673,1035,1631,206,3,2875,1,125,,,,,,1743,581,29,0,648,,,,,,,,,,,,,,,,,,,,,,,,,,,,1844,476,0,681,0.4111962679,0.5448183939,0.009330223259,0.005331556148,0.36,0.5673043478,0.133622126,0.2073043478,-0.07368222187,0.003998667111
SHERWOOD BAPT CH,000054,2577,1220,0,382,308,15,0,515,683,493,14,10,5,14,0,1,703,106,0,411,667,506,4,0,43,686,68,0,466,686,60,0,474,681,60,0,479,677,59,0,484,681,60,0,479,681,59,0,480,682,56,0,482,679,60,0,481,680,60,0,480,679,58,0,483,677,68,0,475,683,59,0,478,683,57,0,480,679,57,0,484,682,53,0,485,676,55,0,489,681,55,0,484,684,52,0,484,683,54,0,483,532,339,21,1,327,613,468,106,1,1188,1,31,,,,,,2,1,0,0,1,,,,,,,,,,,,,,,659,269,10,2,276,,,,,,,,,733,187,0,300,0.5598360656,0.4040983607,0.008196721311,0.004098360656,0.515993266,0.3939393939,-0.1557377049,-0.1220538721,-0.03368383286,0.004098360656
SOUTHWOOD PRESBYTERIAN,000014,3428,2027,0,241,880,9,0,897,654,1293,14,18,8,24,2,14,1493,82,0,452,596,1351,1,0,79,1444,31,1,551,1440,32,0,555,1435,30,0,562,1428,32,0,567,1430,25,0,572,1428,24,0,575,1427,25,0,575,1423,26,0,578,1426,27,0,574,1422,25,0,580,1422,36,0,569,1463,28,0,536,1438,29,1,559,1455,26,0,546,1447,25,0,555,1433,28,1,565,1427,28,0,572,1437,28,0,562,1436,22,0,569,1368,277,10,2,370,517,1324,99,0,1940,3,84,,,,,,,,,,,0,0,0,0,,,,,,1395,254,15,0,363,,,,,,,,,,,,,,1113,232,0,682,0.3226443019,0.6378885052,0.008880118402,0.00394671929,0.2664948454,0.6824742268,0.3152442033,0.4159793814,-0.1007351782,0.004933399112
ST_ JOHNS CATHOLIC CH,000090,6288,3819,0,506,1423,12,0,1878,1392,2302,28,24,17,47,0,9,2662,226,0,931,1256,2411,6,5,141,2581,116,1,1121,2580,108,2,1129,2578,102,0,1139,2574,102,0,1143,2589,86,2,1142,2583,85,0,1151,2580,87,0,1152,2576,83,0,1160,2574,83,1,1161,2571,85,0,1163,2556,104,1,1158,2607,82,1,1129,2603,79,0,1137,2589,75,0,1155,2577,84,1,1157,2566,85,2,1166,2572,82,0,1165,2589,87,0,1143,2585,73,0,1161,2415,628,34,1,741,1150,2274,256,3,3683,5,131,,,,,,2427,654,35,0,703,,,,,,,,,,,,,,,,,,,,,,,,,,,,2197,636,0,986,0.3644933229,0.6027755957,0.006284367636,0.004451427075,0.3122454521,0.6174314418,0.2382822728,0.3051859897,-0.06690371684,0.00183294056
ST_ LUKE CHRISTIAN CH,000050,6075,1926,1,1120,240,20,0,546,1510,369,12,7,11,8,0,9,677,132,0,1117,1498,377,5,0,46,659,104,0,1163,659,102,0,1165,655,95,0,1176,648,100,0,1178,646,97,0,1183,639,95,0,1192,638,91,0,1197,630,97,0,1199,631,95,0,1200,631,94,0,1201,632,104,0,1190,657,85,0,1184,653,85,0,1188,643,92,0,1191,643,86,0,1197,636,89,0,1201,635,90,0,1201,648,91,0,1187,660,84,0,1182,424,516,30,0,956,1447,331,101,2,1881,0,45,,,,,,,,,,,,,,,,,,,,,,,,,1504,191,9,0,222,,,,,,,,,1014,402,0,510,0.7840083074,0.191588785,0.003634475597,0.005711318795,0.769271664,0.1759702286,-0.5924195223,-0.5933014354,0.0008819130806,-0.002076843198
ST_ MATTHEW PB CHURCH,000031,2434,1014,0,610,174,5,0,225,768,227,6,2,7,1,1,2,351,41,0,622,741,230,4,1,38,320,33,0,661,318,32,0,664,317,31,0,666,316,30,0,668,328,29,0,657,318,30,0,666,316,29,1,668,316,30,0,668,315,29,0,670,313,30,0,671,312,30,0,672,327,27,0,660,323,29,1,661,320,27,0,667,319,27,0,668,323,27,0,664,319,28,0,667,319,29,0,666,324,27,0,663,251,151,18,0,594,716,227,31,3,977,0,37,,,,,,,,,,,,,,,,,,,,,,,,,763,70,8,0,173,,,,,,,,,450,170,1,393,0.7573964497,0.2238658777,0.001972386588,0.006903353057,0.7328556807,0.2323439099,-0.533530572,-0.5005117707,-0.03301880127,-0.004930966469
ST_ PAUL'S UMC,000049,5901,2196,0,858,658,15,0,665,1254,894,11,11,15,7,0,4,1210,152,0,834,1217,897,11,1,70,1182,109,0,905,1186,104,0,906,1173,101,0,922,1171,101,0,924,1177,98,0,921,1165,96,0,935,1170,95,0,931,1162,96,0,938,1161,97,0,938,1162,93,0,941,1165,97,0,934,1171,96,0,929,1165,95,0,936,1171,92,0,933,1167,90,0,939,1166,87,0,943,1158,88,0,950,1175,87,0,934,1186,79,0,931,927,549,29,1,690,1134,843,148,7,2132,0,64,,,,,,,,,,,0,0,0,0,,,,,,928,549,29,0,690,,,,,,,,,,,,,,1183,391,0,622,0.5710382514,0.4071038251,0.005009107468,0.006830601093,0.5318949343,0.3954033771,-0.1639344262,-0.1364915572,-0.02744286901,-0.001821493625
THE WHITESBURG CTR_,000018,4694,2847,0,483,1053,15,0,1296,1096,1656,20,27,4,25,2,17,1936,176,0,735,1041,1697,5,3,101,1911,86,0,850,1905,79,0,863,1905,77,0,865,1900,77,0,870,1889,73,1,884,1882,73,0,892,1882,72,0,893,1879,73,0,895,1877,74,0,896,1882,74,0,891,1859,103,0,885,1911,72,0,864,1899,72,0,876,1903,72,0,872,1891,71,0,885,1893,71,0,883,1884,73,1,889,1890,72,0,885,1897,71,1,878,1778,488,21,2,558,917,1664,171,1,2753,6,88,,,,,,,,,,,,,,,,,,,,1804,487,24,0,532,,,,,,,,,,,,,,1691,449,1,706,0.3849666315,0.5816649104,0.009483667018,0.001404987706,0.3330911733,0.6044315292,0.1966982789,0.271340356,-0.07464207709,0.008078679312
TONEY UMC,000065,5497,3124,0,954,1093,26,7,1044,1451,1598,23,9,8,19,6,10,1924,160,0,1040,1418,1614,6,9,77,1876,126,0,1122,1865,129,0,1130,1862,125,0,1137,1856,126,0,1142,1862,124,0,1138,1858,120,0,1146,1858,122,0,1144,1850,122,0,1152,1849,120,0,1155,1848,118,0,1158,1852,122,0,1150,1866,112,0,1146,1860,113,0,1151,1839,120,0,1165,1844,116,1,1163,1845,115,0,1164,1845,115,0,1164,1856,110,0,1158,1872,105,0,1147,1613,604,42,0,865,1312,1540,196,7,3055,3,66,,,,,,,,,,,,,,,1671,585,45,1,822,,,,,,,,,,,,,,,,,,,1692,642,0,790,0.46446863,0.5115236876,0.002880921895,0.002560819462,0.4294599018,0.504091653,0.04705505762,0.07463175123,-0.02757669361,0.0003201024328
TRIANA CITY HALL,000060,4302,2548,0,978,561,17,3,989,1567,903,28,10,11,18,5,6,1346,153,0,1049,1532,941,6,2,67,1313,123,0,1112,1306,117,1,1124,1303,117,0,1128,1298,117,0,1133,1303,106,2,1137,1292,109,0,1147,1295,109,0,1144,1291,110,1,1146,1292,110,0,1146,1287,110,0,1151,1288,113,0,1147,1301,107,1,1139,1298,105,0,1145,1296,106,0,1146,1294,107,0,1147,1288,107,0,1153,1287,111,0,1150,1301,101,0,1146,1298,106,0,1144,965,698,34,3,848,1436,842,180,8,2466,7,75,,,,,,1023,678,34,3,810,,,,,,,,,,,,,,,,,,,,,,,,,,,,1469,480,1,598,0.6149921507,0.3543956044,0.003924646782,0.00431711146,0.5823195458,0.3414436334,-0.2605965463,-0.2408759124,-0.0197206339,-0.0003924646782
TRINITY UMC,000017,5162,2015,0,637,614,10,1,753,1044,907,19,4,17,17,0,7,1212,112,0,691,1011,951,5,0,48,1194,76,1,744,1190,74,0,751,1183,76,0,756,1184,71,0,760,1197,61,1,756,1184,63,0,768,1180,63,0,772,1179,68,0,768,1171,67,0,777,1172,68,0,775,1167,73,1,774,1197,60,1,757,1204,58,0,753,1192,62,0,761,1196,61,0,758,1178,63,0,774,1181,61,0,773,1187,63,0,765,1193,58,0,764,989,459,23,2,542,923,902,128,5,1958,0,57,,,,,,,,,,,,,,,,,,,,998,448,22,0,547,,,,,,,,,,,,,,1155,302,0,558,0.5181141439,0.4501240695,0.001985111663,0.008436724566,0.4713993871,0.4606741573,-0.06799007444,-0.01072522983,-0.05726484462,-0.006451612903
W HUNTSVILLE CH CHRIST,000051,4696,2274,0,679,532,16,0,1047,1313,883,25,13,8,23,0,9,1285,194,0,795,1242,953,6,3,70,1276,127,0,871,1276,124,0,874,1273,124,0,877,1264,124,0,886,1275,111,1,887,1266,115,0,893,1269,115,0,890,1264,116,0,894,1264,116,0,894,1267,113,0,894,1254,126,0,894,1270,116,1,887,1273,113,0,888,1274,110,0,890,1266,113,0,895,1260,112,1,901,1257,114,1,902,1277,110,0,887,1280,107,1,886,975,659,50,0,590,1158,864,182,6,2210,3,61,,,,,,,,,,,,,,,998,639,50,0,587,,,,,,0,0,0,0,0,,,,,,,,,1396,421,0,457,0.5773966579,0.3883025506,0.005716798593,0.003518029903,0.5239819005,0.3909502262,-0.1890941073,-0.1330316742,-0.05606243309,0.00219876869
WALL HWY BAPT CH,000101,4351,1571,0,491,413,14,0,653,802,725,20,7,3,12,0,2,969,72,0,530,776,754,4,0,37,947,49,0,575,952,44,0,575,950,44,0,577,948,46,0,577,942,47,0,582,935,45,0,591,940,42,0,589,936,41,0,594,936,38,0,597,932,40,0,599,922,50,0,599,938,43,0,590,942,38,0,591,942,38,0,591,934,42,0,595,931,43,0,597,930,42,0,599,940,43,0,588,946,40,0,585,754,374,18,2,423,726,687,108,5,1526,1,44,,,,,,,,,,,,,,,781,362,21,0,407,,,,,,,,,,,,,,,,,,,969,307,0,295,0.5105028644,0.4614894971,0.004455760662,0.001909611712,0.4757536042,0.4501965924,-0.04901336728,-0.0255570118,-0.02345635549,0.00254614895
WEATHERLY HGTS BAPT,000019,4442,2846,0,437,1028,15,2,1364,1160,1594,21,27,12,21,0,11,1904,161,0,781,1068,1673,5,2,98,1852,76,1,917,1846,73,0,927,1850,70,0,926,1839,71,0,936,1845,66,0,935,1833,64,0,949,1836,61,0,949,1833,59,0,954,1826,63,0,957,1830,63,0,953,1814,79,0,953,1848,59,1,938,1844,56,4,942,1842,58,0,946,1830,57,0,959,1829,56,0,961,1822,58,1,965,1840,59,0,947,1843,50,0,953,1668,548,23,4,603,961,1564,218,1,2744,4,98,,,,,,,,,,,,,,,,,,,,1721,535,24,0,566,,,,,,,,,,,,,,1601,410,0,835,0.4075895994,0.5600843289,0.009486999297,0.004216444132,0.3502186589,0.5699708455,0.1524947294,0.2197521866,-0.06725745714,0.005270555165
WEST HUNTSVILLE BAPT,000046,2623,936,0,382,224,10,2,318,600,317,7,4,2,2,3,1,478,64,0,394,570,335,2,1,28,471,51,0,414,463,46,0,427,464,47,0,425,461,48,0,427,466,42,0,428,459,43,0,434,464,42,0,430,459,42,0,435,459,42,0,435,458,42,0,436,453,48,0,435,465,42,0,429,462,43,0,431,460,43,0,433,458,43,0,435,459,40,0,437,461,42,0,433,466,39,1,430,462,40,0,434,339,243,16,1,337,534,289,79,1,903,0,33,,,,,,,,,,,461,41,0,434,,,,,,,,,,,,,,,,,,,,,,,,532,157,0,247,0.641025641,0.3386752137,0.004273504274,0.002136752137,0.5913621262,0.3200442968,-0.3023504274,-0.2713178295,-0.03103259789,0.002136752137
WESTSIDE COMM_ CTR_,000016,563,142,0,103,18,3,0,18,115,22,3,0,1,0,0,1,53,7,0,82,113,27,0,0,2,55,6,0,81,58,6,0,78,54,5,0,83,56,6,0,80,55,5,0,82,52,5,0,85,55,6,0,81,51,7,0,84,53,5,0,84,52,6,0,84,54,6,0,82,58,5,0,79,56,5,0,81,57,4,0,81,49,7,0,86,50,6,0,86,52,5,0,85,57,7,0,78,55,7,0,80,38,32,3,0,69,110,24,7,0,141,0,1,,,,,,,,,,,,,,,,,,,,,,,,,116,13,0,0,13,,,,,,,,,84,18,0,40,0.8098591549,0.1549295775,0,0.007042253521,0.780141844,0.170212766,-0.6549295775,-0.609929078,-0.04500049945,-0.007042253521
WILLOWBROOK BAPT CH,000015,6112,3791,0,549,1518,17,0,1707,1399,2255,33,16,17,49,2,20,2634,199,1,957,1271,2368,8,2,142,2577,95,3,1116,2560,98,2,1131,2551,94,0,1146,2540,95,0,1156,2546,83,1,1161,2541,79,1,1170,2546,76,0,1169,2534,84,0,1173,2534,77,0,1180,2526,77,2,1186,2528,103,0,1160,2579,73,2,1137,2560,74,0,1157,2575,71,0,1145,2549,78,1,1163,2549,69,0,1173,2531,73,1,1186,2568,71,0,1152,2565,65,0,1161,2375,630,32,0,754,1137,2267,229,5,3638,5,148,,,,,,,,,,,,,,,,,,,,2477,590,34,2,688,,,,,,,,,,,,,,2300,569,1,921,0.3690319177,0.5948298602,0.00422052229,0.004484304933,0.3125343595,0.6231445849,0.2257979425,0.3106102254,-0.0848122829,-0.0002637826431
UNIVERSITY BAPT CH,000009,2227,832,0,270,247,11,0,304,452,355,9,0,6,4,0,6,509,38,1,284,444,357,4,0,27,498,28,0,306,501,26,0,305,499,27,0,306,497,27,0,308,497,27,0,308,498,25,0,309,496,25,0,311,497,26,0,309,501,24,0,307,496,26,0,310,496,33,0,303,502,25,0,305,500,26,0,306,500,24,0,308,497,26,0,309,496,26,0,310,499,24,0,309,495,26,0,311,496,24,0,312,391,213,14,0,214,404,331,72,3,810,0,22,,,,,,0,0,0,0,0,,,,,,,,,,,,,,,442,170,8,2,210,,,,,,,,,482,151,0,199,0.5432692308,0.4266826923,0,0.007211538462,0.4987654321,0.4086419753,-0.1165865385,-0.09012345679,-0.02646308167,-0.007211538462
CROSS ROADS COMM CTR,000070,2752,2355,0,317,1246,19,0,773,526,1781,22,7,2,10,0,7,1856,69,0,430,529,1758,6,3,59,1865,44,0,446,1863,43,0,449,1863,38,0,454,1859,43,0,453,1863,37,0,455,1863,36,0,456,1860,37,0,458,1858,38,0,459,1853,38,0,464,1855,36,0,464,1850,47,0,458,1861,40,0,454,1866,34,0,455,1863,33,0,459,1854,36,0,465,1850,36,1,468,1853,40,0,462,1861,40,0,454,1865,35,0,455,1727,303,13,0,312,474,1711,121,3,2309,2,44,,,,,,,,,,,,,,,1724,312,19,0,300,,,,,,,,,,,744,21,0,136,,,,,1226,417,0,712,0.2233545648,0.7562632696,0.002972399151,0.0008492569002,0.2052836726,0.7410134257,0.5329087049,0.5357297531,-0.002821048257,0.002123142251
INDIAN CREEK BAPT CH,000044,5269,3114,0,820,1035,17,0,1242,1467,1581,17,15,10,15,1,8,1982,147,0,985,1379,1638,7,1,89,1921,106,0,1087,1914,95,0,1105,1913,90,0,1111,1902,88,0,1124,1915,88,0,1111,1906,85,0,1123,1904,79,0,1131,1901,82,0,1131,1897,73,0,1144,1896,73,0,1145,1889,85,0,1140,1915,75,0,1124,1912,72,0,1130,1906,73,0,1135,1899,76,0,1139,1899,72,0,1143,1892,77,0,1145,1909,68,0,1137,1906,73,0,1135,1676,615,27,0,796,1308,1574,164,3,3049,0,65,,,,,,,,,,,,,,,1744,569,30,1,770,,,,,,,,,,,,,,,,,,,1809,532,0,773,0.4710982659,0.5077071291,0.004816955684,0.003211303789,0.4289931125,0.5162348311,0.0366088632,0.0872417186,-0.0506328554,0.001605651895
PROVIDENCE BAPT CH,000093,4400,2467,0,732,791,9,0,935,1177,1254,9,9,5,12,1,0,1529,108,0,830,1150,1253,3,0,61,1484,74,0,909,1477,74,0,916,1473,73,0,921,1470,74,0,923,1478,69,0,920,1470,69,0,928,1464,69,0,934,1462,71,0,934,1459,73,0,935,1460,70,0,937,1451,79,0,937,1460,68,0,939,1458,68,0,941,1460,67,0,940,1457,67,0,943,1459,67,0,941,1455,68,0,944,1462,65,0,940,1457,66,1,943,1271,480,25,1,690,1073,1206,134,4,2417,0,50,,,,,,,,,,,,,,,1347,454,30,0,636,,,,,,,,,,,,,,,,,,,1391,450,0,626,0.4770976895,0.5083096879,0.003648155655,0.002026753141,0.4439387671,0.4989656599,0.03121199838,0.05502689284,-0.02381489446,0.001621402513